id_alumno;nombre;email
1;Abraham Vélez;abraham_vélez@gmail.com
2;Aitana Sebastián;aitana_sebastián@gmail.com
3;Albino Macias;albino_macias@gmail.com
4;Alejandra Vilaplana;alejandra_vilaplana@gmail.com
5;Amor Larrañaga;amor_larrañaga@gmail.com
6;Anita Heredia;anita_heredia@gmail.com
7;Carlito Carrión;carlito_carrión@gmail.com
8;Chita Mancebo;chita_mancebo@gmail.com
9;Clementina Santos;clementina_santos@gmail.com
10;Cleto Montes;cleto_montes@gmail.com
11;Cleto Plana;cleto_plana@gmail.com
12;Cristian Sarabia;cristian_sarabia@gmail.com
13;Daniel Rosselló;daniel_rosselló@gmail.com
14;Daniela Falcó;daniela_falcó@gmail.com
15;Daniela Guitart;daniela_guitart@gmail.com
16;Desiderio Jordá;desiderio_jordá@gmail.com
17;Dolores Valbuena;dolores_valbuena@gmail.com
18;Eduardo Caparrós;eduardo_caparrós@gmail.com
19;Eli Casas;eli_casas@gmail.com
20;Ernesto Uriarte;ernesto_uriarte@gmail.com
21;Estefanía Valcárcel;estefanía_valcárcel@gmail.com
22;Ester Sánchez;ester_sánchez@gmail.com
23;Estrella Murillo;estrella_murillo@gmail.com
24;Flavia Amador;flavia_amador@gmail.com
25;Guillermo Borrego;guillermo_borrego@gmail.com
26;Haydée Figueroa;haydée_figueroa@gmail.com
27;Heraclio Duque;heraclio_duque@gmail.com
28;Herberto Figueras;herberto_figueras@gmail.com
29;Ignacio Goicoechea;ignacio_goicoechea@gmail.com
30;Isabel Ibáñez;isabel_ibáñez@gmail.com
31;Jafet Casals;jafet_casals@gmail.com
32;Joaquina Asensio;joaquina_asensio@gmail.com
33;Jorge Manzanares;jorge_manzanares@gmail.com
34;Julie Ferrer;julie_ferrer@gmail.com
35;Leoncio Tena;leoncio_tena@gmail.com
36;Loida Arellano;loida_arellano@gmail.com
37;Luis Miguel Galvez;luis_miguel_galvez@gmail.com
38;Marino Castilla;marino_castilla@gmail.com
39;Maximiliano Menéndez;maximiliano_menéndez@gmail.com
40;Merche Prada;merche_prada@gmail.com
41;Mireia Cabañas;mireia_cabañas@gmail.com
42;Noemí Vilanova;noemí_vilanova@gmail.com
43;Odalys Torrijos;odalys_torrijos@gmail.com
44;Onofre Adadia;onofre_adadia@gmail.com
45;Pilar Abella;pilar_abella@gmail.com
46;Ricarda Tovar;ricarda_tovar@gmail.com
47;Rita Olivares;rita_olivares@gmail.com
48;Rosalina Llanos;rosalina_llanos@gmail.com
49;Sergio Aguirre;sergio_aguirre@gmail.com
50;Teodoro Alberola;teodoro_alberola@gmail.com
51;Teresa Laguna;teresa_laguna@gmail.com
52;Timoteo Trillo;timoteo_trillo@gmail.com
